{"sidebars":{"sidebar-socials":["apus_socials_widget-2"],"sidebar-default":[],"sidebar-contact":["text-2"],"blog-left-sidebar":[],"blog-right-sidebar":["apus_about-2","apus_recent_post-2","categories-4","apus_single_image-2","tag_cloud-3","apus_contact_info-2"],"shop-sidebar":["woocommerce_product_categories-3","woocommerce_price_filter-4","woocommerce_layered_nav-6","woocommerce_layered_nav-7","woocommerce_layered_nav-8","woocommerce_product_tag_cloud-2"],"shop-top-filter-sidebar":["apus_woocommerce_price_filter-3","woocommerce_layered_nav-2","woocommerce_layered_nav-3","woocommerce_layered_nav-5","apus_woocommerce_widget_product_sorting-3"]},"widgets":{"apus_contact_info":{"2":{"phone_icon":"","phone_content":"","address_icon":"","address_content":"","email_icon":"","email_content":""},"_multiwidget":1},"apus_about":{"2":{"title":"About ","heading":"Praesent et nisi venenatis.","description":"Nullam sit amet enim vehicula, dapibus nisi ut, bibendum metus. Integer \r\n\r\nnunc fermentum dui, eu congue dialorem et leo. Pellentesque lectus nunc, euismod non fringilla eu, lacinia at tellus. ","image":"http:\/\/demoapus2.com\/domnoo\/wp-content\/uploads\/2017\/08\/Image.jpg"},"_multiwidget":1},"apus_custom_menu":{"_multiwidget":1},"apus_posts":{"_multiwidget":1},"apus_recent_comment":{"_multiwidget":1},"apus_recent_post":{"2":{"title":"Recent Post","post_type":"post","number_post":"3","layout":"default"},"_multiwidget":1},"apus_search":{"_multiwidget":1},"apus_single_image":{"2":{"title":"","alt":"","description":"","single_image":"http:\/\/demoapus2.com\/domnoo\/wp-content\/uploads\/2017\/08\/Addvertisment.jpg"},"_multiwidget":1},"apus_socials_widget":{"2":{"title":"","socials":{"facebook":{"status":"on","name":"Facebook","page_url":"#"},"twitter":{"status":"on","name":"Twitter","page_url":"#"},"youtube":{"name":"Youtube","page_url":""},"pinterest":{"status":"on","name":"Pinterest","page_url":"#"},"google-plus":{"name":"Google","page_url":""},"linkedin":{"name":"LinkedIn","page_url":""},"instagram":{"name":"Instagram","page_url":""}},"layout":"default"},"_multiwidget":1},"apus_featured_video_widget":{"_multiwidget":1},"apus_woocommerce_price_filter":{"3":{"title":"price","price_range_size":20,"max_price_ranges":10,"hide_empty_ranges":0},"_multiwidget":1},"apus_woocommerce_widget_product_sorting":{"3":{"title":"Sort By"},"_multiwidget":1},"pages":{"_multiwidget":1},"calendar":{"_multiwidget":1},"archives":{"_multiwidget":1},"media_audio":{"_multiwidget":1},"media_image":{"_multiwidget":1},"media_video":{"_multiwidget":1},"meta":{"_multiwidget":1},"search":{"_multiwidget":1},"text":{"2":{"title":"","text":"<div class=\"dropdown-contact\">\r\n<div class=\"select\">\r\n<div class=\"left-icon\"><\/div>\r\n<div class=\"right-content\">\r\n<div class=\"location\">Australia<\/div>\r\n+00 123 456 789\r\n\r\n<\/div>\r\n<\/div>\r\n<ul>\r\n \t<li>\r\n<div class=\"location\">New York<\/div>\r\n+00 123 456 789<\/li>\r\n \t<li>\r\n<div class=\"location\">London<\/div>\r\n+00 123 456 789<\/li>\r\n<\/ul>\r\n<\/div>","filter":true,"visual":true},"_multiwidget":1},"categories":{"4":{"title":"Categories","count":0,"hierarchical":0,"dropdown":0},"_multiwidget":1},"recent-posts":{"_multiwidget":1},"recent-comments":{"_multiwidget":1},"tag_cloud":{"3":{"title":"Popular Tags","count":0,"taxonomy":"post_tag"},"_multiwidget":1},"nav_menu":{"_multiwidget":1},"custom_html":{"_multiwidget":1},"akismet_widget":{"_multiwidget":1},"rev-slider-widget":{"_multiwidget":1},"woocommerce_widget_cart":{"_multiwidget":1},"woocommerce_layered_nav_filters":{"_multiwidget":1},"woocommerce_layered_nav":{"2":{"title":"Color","attribute":"color","display_type":"list","query_type":"and"},"3":{"title":"Size","attribute":"size","display_type":"list","query_type":"and"},"5":{"title":"Brands","attribute":"brands","display_type":"list","query_type":"and"},"6":{"title":"Filter by Color","attribute":"color","display_type":"list","query_type":"and"},"7":{"title":"Filter by size","attribute":"size","display_type":"list","query_type":"and"},"8":{"title":"Filter by Brands","attribute":"brands","display_type":"list","query_type":"and"},"_multiwidget":1},"woocommerce_price_filter":{"4":{"title":"Filter by price"},"_multiwidget":1},"woocommerce_product_categories":{"3":{"title":"categories","orderby":"name","dropdown":0,"count":1,"hierarchical":0,"show_children_only":0,"hide_empty":0},"_multiwidget":1},"woocommerce_product_search":{"_multiwidget":1},"woocommerce_product_tag_cloud":{"2":{"title":"Product tags"},"_multiwidget":1},"woocommerce_products":{"_multiwidget":1},"woocommerce_recently_viewed_products":{"_multiwidget":1},"woocommerce_top_rated_products":{"_multiwidget":1},"woocommerce_recent_reviews":{"_multiwidget":1},"woocommerce_rating_filter":{"_multiwidget":1},"mc4wp_form_widget":{"_multiwidget":1}}}